,Feature,Importance
1,Age,0.3287730036353794
4,NumOfProducts,0.20357301833790561
3,Balance,0.11897171866244882
5,EstimatedSalary,0.08051150592770054
0,CreditScore,0.07936002862013528
9,IsActiveMember,0.050659763429555305
6,Geography_Germany,0.049740734960158614
2,Tenure,0.04640211375938238
8,Gender_Male,0.020921588250319468
7,Geography_Spain,0.011056399020743223
10,HasCrCard,0.01003012539627138
